,Preço Atual,Preço Original,Nome do Produto,Marca,Revendedor,Link,Embalagem
1,R$ 8.99,R$ 8.99,Chocolate Recheio Creme de Cacau e Leite Fast e Furious Spy Racers Kinder Joy 20g,Kinder, Americanas,https://www.americanas.com.br/produto/2975176911/chocolate-recheio-creme-de-cacau-e-leite-fast-e-furious-spy-racers-kinder-joy-20g?pfm_carac=kinder-joy-20g&pfm_index=2&pfm_page=search&pfm_pos=grid&pfm_type=search_page&offerId=6385064242e8459f0f0db6b3&sabor=Chocolate%20ao%20leite&condition=NEW,Original
2,R$ 9.40,R$ 11.39,Chocolate Recheio Creme de Cacau e Leite Fast e Furious Spy Racers Kinder Joy 20g,Kinder,Magazineluiza,https://www.magazineluiza.com.br/ovinho-de-chocolate-joy-ao-leite-20g-kinder/p/236819400/me/chob/?&=&seller_id=magazineluiza&utm_source=bing&utm_medium=pla&partner_id=65140&msclkid=c135d2d910df1f51565bb443d16232e1,Original
3,R$ 12.78,R$ 12.78,Chocolate Recheio Creme de Cacau e Leite Fast e Furious Spy Racers Kinder Joy 20g,Kinder,Colibrifestas,https://www.magazineluiza.com.br/ovinho-de-chocolate-joy-ao-leite-20g-kinder/p/236819400/me/chob/?&=&seller_id=magazineluiza&utm_source=bing&utm_medium=pla&partner_id=65140&msclkid=c135d2d910df1f51565bb443d16232e1,Variante
4,R$ 10.45,R$ 10.45,Chocolate Recheio Creme de Cacau e Leite Fast e Furious Spy Racers Kinder Joy 20g,Kinder,Drogal,https://www.drogal.com.br/chocolate-kinder-joy-20g/p,Variante
5,R$ 9.99,R$ 9.99,Chocolate Recheio Creme de Cacau e Leite Fast e Furious Spy Racers Kinder Joy 20g,Kinder,D'avo,https://www.davo.com.br/mercearia/chocolate-recheio-creme-%C3%A0-base-de-cacau-e-leite-com-bombons-crocantes-fast-furious-spy-racers-kinder-joy-20g/prod_78602731,Original
6,R$ 9.79,R$ 9.79,Chocolate Recheio Creme de Cacau e Leite Fast e Furious Spy Racers Kinder Joy 20g,Kinder,Super Pague Menos,https://www.superpaguemenos.com.br/chocolate-recheado-kinder-joy-20g/p,Original
7,R$11.18,R$11.18,Chocolate Recheio Creme de Cacau e Leite Fast e Furious Spy Racers Kinder Joy 20g,Kinder,Giassi,https://www.giassi.com.br/chocolate_recheio_creme_de_cacau_e_leite_kinder_joy_20g_143774/p,Original
8,R$ 9.59,R$ 9.59,Chocolate Recheio Creme de Cacau e Leite Fast e Furious Spy Racers Kinder Joy 20g,Kinder,DROGARIA ARAUJO S A,https://www.pontofrio.com.br/chocolate-kinder-ovo-joy-20g-1548816176/p/1548816176?utm_medium=cpc&utm_source=bing_ads&IdSku=1548816176&idLojista=57140&gclid=54ee9374ae831909cd0bf5ee62f93b8b&gclsrc=3p.ds&&utm_source=bing_shopping&utm_medium=cpc&utm_campaign=3p_pmax_bing_tudo&msclkid=54ee9374ae831909cd0bf5ee62f93b8b,Variante
9,R$ 9.59,R$ 9.59,Chocolate Recheio Creme de Cacau e Leite Fast e Furious Spy Racers Kinder Joy 20g,Kinder,DROGARIA ARAUJO S A,https://www.casasbahia.com.br/chocolate-kinder-ovo-joy-20g-1548816176/p/1548816176?utm_medium=comparadorpreco&utm_source=zoom&utm_content=1548816176&pid=zoom_int&c=zoomCPA&cm_mmc=zoom_XML-_-ALMT-_-Comparador-_-1548816176&idLojista=57140&tipoLojista=3P&utm_campaign=95d1209bfcc848249673a643a217098a,Variante
10,R$ 9.59,R$ 9.59,Chocolate Recheio Creme de Cacau e Leite Fast e Furious Spy Racers Kinder Joy 20g,Kinder,DROGARIA ARAUJO S A,https://www.extra.com.br/chocolate-kinder-ovo-joy-20g-1548816176/p/1548816176?utm_medium=comparadorpreco&utm_source=zoom&utm_content=1548816176&pid=zoom_int&c=zoomCPA&cm_mmc=zoom_XML-_-ALMT-_-Comparador-_-1548816176&idLojista=57140&tipoLojista=3P&utm_campaign=c524ac8f46954613a112e224cd626a61,Variante
11,R$ 13.59,R$ 13.59,Chocolate Recheio Creme de Cacau e Leite Fast e Furious Spy Racers Kinder Joy 20g,Kinder,Americanas,https://www.americanas.com.br/produto/5416400930/chocolate-kinder-joy-20g?offerId=667f4910f85575c569d02023&opn=AFLCOMPARADORES&epar=af_co_00_ab_acom&utm_medium=comparadores&utm_source=zoom&utm_campaign=marca%3Aacom%3Bmidia%3Acomparadores%3Bformato%3A00%3Bsubformato%3A00%3Bidcampanha%3Azoom&sterm=YYNKZU&franq=1142161&utm_content=22193_1721424355_15df662854817e99278bbfb100181eb3,Variante
12,R$ 8.99,R$ 8.99,Chocolate Recheio Creme de Cacau e Leite Fast e Furious Spy Racers Kinder Joy 20g,Kinder,Magazineluiza,https://www.magazineluiza.com.br/ovinho-de-chocolate-joy-ao-leite-20g-kinder/p/hcg83729hk/me/chob/?=&seller_id=beatrizdetectores&utm_source=zoom&utm_medium=cpa&utm_content=-un_magalu-ce_b2c-cp&partner_id=10569&utm_term=571e3f5fdf9941aea0baca3c3c2ef91d&utm_campaign=571e3f5fdf9941aea0baca3c3c2ef91d,Original
13,R$ 9.99,R$ 9.99,Chocolate Recheio Creme de Cacau e Leite Fast e Furious Spy Racers Kinder Joy 20g,Kinder,Pão de Açúcar,https://www.paodeacucar.com/produto/29517/kinder-joy-1-unidade-20g,Original
14,R$ 9.89,R$ 9.89,Chocolate Recheio Creme de Cacau e Leite Fast e Furious Spy Racers Kinder Joy 20g,Kinder,Magazineluiza,https://www.magazineluiza.com.br/ovinho-de-chocolate-joy-ao-leite-20g-kinder/p/gdcgc115fb/me/chob/?=&seller_id=miniboxoliveira&utm_source=zoom&utm_medium=cpa&utm_content=-un_magalu-ce_b2c-cp&partner_id=10569&utm_term=54357111c51341e0b3416617f9319fd9&utm_campaign=54357111c51341e0b3416617f9319fd9,Original
15,R$12.78,R$12.78,Chocolate Recheio Creme de Cacau e Leite Fast e Furious Spy Racers Kinder Joy 20g,Kinder,Colibrifestas,https://produto.mercadolivre.com.br/MLB-3785557379-chocolate-kinder-joy-t1-20g-kinder-_JM#position%3D41%26search_layout%3Dstack%26type%3Ditem%26tracking_id%3D8c0e6bf2-7cd2-4df0-887b-d496d87a6a00,Variante
16,R$13.79,R$13.79,Chocolate Recheio Creme de Cacau e Leite Fast e Furious Spy Racers Kinder Joy 20g,Kinder,Embaleme Festas Embalagens,https://produto.mercadolivre.com.br/MLB-2653567595-kinder-joy-ferrero-com-surpresa-20g-_JM#position%3D46%26search_layout%3Dstack%26type%3Ditem%26tracking_id%3D8c0e6bf2-7cd2-4df0-887b-d496d87a6a00,Variante
17,R$15.99,R$15.99,Chocolate Recheio Creme de Cacau e Leite Fast e Furious Spy Racers Kinder Joy 20g,Kinder,DEBLUEE DISTRIBUIÇÃO,https://produto.mercadolivre.com.br/MLB-3937654100-chocolate-kinder-joy-20g-_JM#position%3D46%26search_layout%3Dstack%26type%3Ditem%26tracking_id%3D51b46496-6319-476a-aa8e-67616599417f,Variante
18,R$8.30,R$8.30,Chocolate Recheio Creme de Cacau e Leite Fast e Furious Spy Racers Kinder Joy 20g,Kinder,Mano's Doces,https://www.manosdoces.com.br/kinder-ovo-com-surpresa-sabor-leite-e-cacau-com-20g---kinder-joy/p,Variante
19,R$10.95,R$10.95,Chocolate Recheio Creme de Cacau e Leite Fast e Furious Spy Racers Kinder Joy 20g,Kinder,Atacadão center doces,https://www.centerdoces.com.br/productDetails?pbc=/pages/products/66420/chocolate-kinder-joy-rosa-c-surpresa-20gr,Variante
20,R$14.94,R$14.94,Chocolate Recheio Creme de Cacau e Leite Fast e Furious Spy Racers Kinder Joy 20g,Kinder,Drogal Farmacêutica,https://produto.mercadolivre.com.br/MLB-2168447342-chocolate-kinder-joy-20g-_JM#position%3D34%26search_layout%3Dstack%26type%3Ditem%26tracking_id%3D8c0e6bf2-7cd2-4df0-887b-d496d87a6a00,Variante
21,R$9.80,R$9.80,Chocolate Recheio Creme de Cacau e Leite Fast e Furious Spy Racers Kinder Joy 20g,Kinder,Distribuidora Doce Center,https://distribuidoradocecenter.commercesuite.com.br/chocolates/kinder-joy-solto,Variante
22,R$12.89,R$18.43,Chocolate Recheio Creme de Cacau e Leite Fast e Furious Spy Racers Kinder Joy 20g,Kinder,Walmark,https://www.walmart.com/ip/Kinder-Joy-Egg-Treat-Plus-Toy-Sweet-Cream-and-Chocolatey-Wafers-0-7-oz/761513725?athbdg=L1600&from=/search,Original
23,R$13.58,R$13.58,Chocolate Recheio Creme de Cacau e Leite Fast e Furious Spy Racers Kinder Joy 20g,Kinder,Colibrifestas,https://produto.mercadolivre.com.br/MLB-3785557479-chocolate-kinder-joy-t1-20g-kinder-_JM#position%3D42%26search_layout%3Dstack%26type%3Ditem%26tracking_id%3D8c0e6bf2-7cd2-4df0-887b-d496d87a6a00,Variante
24,R$8.63,R$9.59,Chocolate Recheio Creme de Cacau e Leite Fast e Furious Spy Racers Kinder Joy 20g,Kinder,carrefour,https://www.carrefour.com.br/chocolate-kinder-ovo-joy-20g-vencimento-curto-para-02052023-mp934994708/p,Variante
25,R$9.69,R$9.69,Chocolate Recheio Creme de Cacau e Leite Fast e Furious Spy Racers Kinder Joy 20g,Kinder,carrefour,https://www.carrefour.com.br/kinder-ovo-joy-mp933952490/p,Variante
26,R$10.66,R$10.66,Chocolate Recheio Creme de Cacau e Leite Fast e Furious Spy Racers Kinder Joy 20g,Kinder,Loja Carrefour,https://shopee.com.br/Chocolate-Kinder-Joy-20g-i.898147043.23295842517?is_from_login=true,Variante
27,R$10.67,R$10.67,Chocolate Recheio Creme de Cacau e Leite Fast e Furious Spy Racers Kinder Joy 20g,Kinder,nuthousehi.my,https://shopee.com.my/Kinder-Joy-with-Surprise-Kinderjoy-Crispy-Imitation-Chocolate-In-Shrink-Cream-with-A-Surprise-Toy-Barbie-Hot-Wheels-Edition--i.1224899662.28804537526?sp_atk=e070e8de-fc60-4567-8459-933a4e0b76e4&xptdk=e070e8de-fc60-4567-8459-933a4e0b76e4,Original
28,R$5.70,R$5.70,Chocolate Recheio Creme de Cacau e Leite Fast e Furious Spy Racers Kinder Joy 20g,Kinder,Modern Stores 1957,https://shopee.com.my/Kinder-Joy-Blue-Edition-20g-i.1150846773.25706862837?sp_atk=649b7a01-ac57-4d4b-8dfa-65a3531afebf&xptdk=649b7a01-ac57-4d4b-8dfa-65a3531afebf,Variante
29,R$10.19,R$10.19,Chocolate Recheio Creme de Cacau e Leite Fast e Furious Spy Racers Kinder Joy 20g,Kinder,Drogaria Venancio,https://www.drogariavenancio.com.br/choc-kinder-joy-20g-1-unidade/p,Original
30,R$10.53,R$10.53,Chocolate Recheio Creme de Cacau e Leite Fast e Furious Spy Racers Kinder Joy 20g,Kinder,Poppin Candy,https://poppin-candy.com/products/kinder-joy-dc-comics-funko-0-71oz-20g?pr_prod_strat=jac&pr_rec_id=45b21ccbe&pr_rec_pid=8002936602780&pr_ref_pid=8002831024284&pr_seq=uniform,Original